"(PDH-CSV 4.0) (Central Europe Daylight Time)(-120)","\\PETRIT\Processor(_Total)\% Processor Time","\\PETRIT\System\Processor Queue Length","\\PETRIT\System\Context Switches/sec","\\PETRIT\Memory\Committed Bytes","\\PETRIT\Memory\Available Bytes"
"09/03/2026 22:06:49.494"," ","0"," ","8797802496","8118525952"
"09/03/2026 22:06:50.494","22.689029851343033073","0","41605.309422433580039","8855728128","8069685248"
"09/03/2026 22:06:51.495","34.220506175917840608","0","43204.62011050262663","8863645696","8056524800"
"09/03/2026 22:06:52.510","24.610010352984179605","0","40479.742108188358543","8814694400","8103772160"
"09/03/2026 22:06:53.526","21.310537179458634682","0","40663.889868812213535","8805502976","8118345728"
"09/03/2026 22:06:54.526","19.750235655505189669","0","40539.040982910046296","8791912448","8127791104"
"09/03/2026 22:06:55.541","19.796953015054519653","0","40667.2000984797196","8789270528","8129036288"
"09/03/2026 22:06:56.557","19.61367199181018961","0","40386.743932487384882","8783110144","8141447168"
"09/03/2026 22:06:57.574","17.79429335667258627","0","40393.54647352558095","8782684160","8139550720"
"09/03/2026 22:06:58.588","20.833169786095993459","0","40948.500724534918845","8806162432","8121384960"
"09/03/2026 22:06:59.588","23.471654600551772774","0","40076.088094028425985","8809385984","8118099968"
"09/03/2026 22:07:00.589","22.725472521715051499","0","37793.832132920149888","8802738176","8160436224"
"09/03/2026 22:07:01.604","20.73710807993669647","0","38865.799514886741235","8798855168","8158285824"
"09/03/2026 22:07:02.619","23.386206330350400862","0","41374.583533903329226","8794161152","8173064192"
"09/03/2026 22:07:03.620","27.571696193695117927","0","41625.5816661527424","8794652672","8169840640"
"09/03/2026 22:07:04.629","23.990842199753526387","0","40562.524038261581154","8795676672","8168271872"
"09/03/2026 22:07:05.640","22.341356429394700456","0","41692.056789342706907","8795619328","8173813760"
"09/03/2026 22:07:06.659","24.086416367486375378","0","42117.268207557492133","8793440256","8173428736"
"09/03/2026 22:07:07.670","24.455878314586911415","0","41252.009723440685775","8791343104","8170958848"
"09/03/2026 22:07:08.694","20.224483705652072985","0","42236.868462323931453","8791298048","8168292352"
"09/03/2026 22:07:09.698","24.350118881633441958","0","41678.357662220405473","8775503872","8173027328"
"09/03/2026 22:07:10.700","17.918648327379205654","0","26125.582677257316391","8763322368","8185290752"
