"elapsed_seconds","process_count","working_set_bytes","private_bytes"
"0.241","3","43544576","11956224"
"1.366","4","50028544","13299712"
"2.468","4","50028544","13299712"
"3.531","4","50028544","13299712"
"4.601","4","50028544","13299712"
"5.68","4","50028544","13299712"
"6.754","4","50028544","13299712"
"7.816","4","50028544","13299712"
"8.89","4","50028544","13299712"
"9.964","4","50028544","13299712"
"11.04","4","50028544","13299712"
"12.129","4","50028544","13299712"
"13.2","4","50028544","13299712"
"14.267","4","50028544","13299712"
"15.339","4","50028544","13299712"
"16.408","4","50028544","13299712"
"17.48","4","50028544","13299712"
"18.544","4","50028544","13299712"
"19.608","4","50028544","13299712"
"20.689","4","50028544","13299712"
"21.762","4","50028544","13299712"
"22.842","4","50028544","13299712"
"23.911","4","50028544","13299712"
"24.985","4","50028544","13299712"
"26.061","4","50028544","13299712"
"27.141","4","50028544","13299712"
"28.219","4","50028544","13299712"
"29.297","4","50028544","13299712"
"30.362","4","49860608","12980224"
"31.439","4","49860608","12980224"
"32.524","4","49860608","12980224"
"33.606","4","49860608","12980224"
"34.684","4","49860608","12980224"
"35.758","4","49860608","12980224"
"36.837","4","49860608","12980224"
"37.914","4","49860608","12980224"
"38.991","4","49860608","12980224"
"40.07","4","49860608","12980224"
"41.148","4","49860608","12980224"
"42.229","4","49860608","12980224"
"43.299","4","49860608","12980224"
"44.377","4","49860608","12980224"
"45.442","4","49860608","12980224"
"46.516","4","49860608","12980224"
"47.594","4","49860608","12980224"
"48.671","4","49860608","12980224"
"49.751","4","49860608","12980224"
"50.831","4","49860608","12980224"
"51.91","4","49860608","12980224"
"52.976","4","49860608","12980224"
"54.045","4","49860608","12980224"
"55.124","4","49860608","12980224"
"56.192","4","49860608","12980224"
"57.262","4","49860608","12980224"
"58.342","4","49860608","12980224"
"59.413","4","49860608","12980224"
"60.48","4","49864704","12980224"
"61.55","4","49864704","12980224"
"62.624","4","49864704","12980224"
"63.7","4","49864704","12980224"
"64.783","4","49864704","12980224"
"65.856","4","49864704","12980224"
"66.927","4","49864704","12980224"
"67.991","4","49864704","12980224"
"69.06","4","49864704","12980224"
"70.14","4","49864704","12980224"
"71.219","4","49864704","12980224"
"72.298","4","49864704","12980224"
"73.362","4","49864704","12980224"
"74.445","4","49864704","12980224"
"75.52","4","49864704","12980224"
"76.591","4","49864704","12980224"
"77.662","4","49864704","12980224"
"78.712","4","49864704","12980224"
"79.787","4","49864704","12980224"
"80.853","4","49864704","12980224"
"81.93","4","49864704","12980224"
"83.001","4","49864704","12980224"
"84.08","4","49864704","12980224"
"85.158","4","49864704","12980224"
"86.228","4","49864704","12980224"
"87.303","4","49864704","12980224"
"88.379","4","49864704","12980224"
"89.454","4","49864704","12980224"
"90.529","4","49864704","12980224"
"91.597","4","49864704","12980224"
"92.665","4","49864704","12980224"
"93.743","4","49864704","12980224"
"94.819","4","49864704","12980224"
"95.895","4","49864704","12980224"
"96.984","4","49864704","12980224"
"98.049","4","49864704","12980224"
"99.127","4","49864704","12980224"
"100.206","4","49864704","12980224"
"101.271","4","49864704","12980224"
"102.344","4","49864704","12980224"
"103.429","4","49864704","12980224"
"104.499","4","49864704","12980224"
"105.575","4","49864704","12980224"
"106.642","4","49864704","12980224"
"107.709","4","49864704","12980224"
"108.784","4","49864704","12980224"
"109.865","4","49864704","12980224"
"110.941","4","49864704","12980224"
"112.021","4","49864704","12980224"
"113.095","4","49864704","12980224"
"114.175","4","49864704","12980224"
"115.247","4","49864704","12980224"
"116.321","4","49864704","12980224"
"117.396","4","49864704","12980224"
"118.472","4","49864704","12980224"
"119.544","4","49864704","12980224"
"120.621","4","49864704","12980224"
"121.692","4","49864704","12980224"
"122.758","4","49864704","12980224"
"123.837","4","49864704","12980224"
"124.913","4","49864704","12980224"
"125.989","4","49864704","12980224"
"127.066","4","49864704","12980224"
"128.136","4","49864704","12980224"
"129.214","4","49864704","12980224"
"130.29","4","49864704","12980224"
"131.368","4","49864704","12980224"
"132.433","4","49864704","12980224"
"133.506","4","49864704","12980224"
"134.586","4","49864704","12980224"
"135.669","4","49864704","12980224"
"136.736","4","49864704","12980224"
"137.81","4","49864704","12980224"
"138.883","4","49864704","12980224"
"139.945","4","49864704","12980224"
"141.006","4","49864704","12980224"
"142.062","4","49864704","12980224"
"143.138","4","49864704","12980224"
"144.229","4","49864704","12980224"
"145.287","4","49864704","12980224"
"146.367","4","49864704","12980224"
"147.438","4","49864704","12980224"
"148.501","4","49864704","12980224"
"149.575","4","49864704","12980224"
"150.642","4","49864704","12980224"
"151.716","4","49864704","12980224"
"152.794","4","49864704","12980224"
"153.869","4","49864704","12980224"
"154.943","4","49864704","12980224"
"156.018","4","49864704","12980224"
"157.097","4","49864704","12980224"
"158.177","4","49864704","12980224"
"159.25","4","49864704","12980224"
"160.32","4","49864704","12980224"
"161.395","4","49864704","12980224"
"162.465","4","49864704","12980224"
"163.539","4","49864704","12980224"
"164.617","4","49864704","12980224"
"165.691","4","49864704","12980224"
"166.772","4","49864704","12980224"
"167.844","4","49864704","12980224"
"168.908","4","49864704","12980224"
"169.978","4","49864704","12980224"
"171.034","4","49864704","12980224"
"172.105","4","49864704","12980224"
"173.169","4","49864704","12980224"
"174.247","4","49864704","12980224"
"175.317","4","49864704","12980224"
"176.387","4","49864704","12980224"
"177.454","4","49864704","12980224"
"178.53","4","49864704","12980224"
"179.609","4","49864704","12980224"
"180.675","4","49864704","12980224"
"181.753","4","49864704","12980224"
"182.827","4","49864704","12980224"
"183.895","4","49864704","12980224"
"184.964","4","49864704","12980224"
"186.018","4","49864704","12980224"
"187.085","4","49864704","12980224"
"188.148","4","49864704","12980224"
"189.22","4","49864704","12980224"
"190.291","4","49864704","12980224"
"191.365","4","49864704","12980224"
"192.43","4","49864704","12980224"
"193.504","4","49864704","12980224"
"194.571","4","49864704","12980224"
"195.643","4","49864704","12980224"
"196.708","4","49864704","12980224"
"197.781","4","49864704","12980224"
"198.853","4","49864704","12980224"
"199.925","4","49864704","12980224"
"200.989","4","49864704","12980224"
"202.063","4","49864704","12980224"
"203.14","4","49864704","12980224"
"204.226","4","49864704","12980224"
"205.303","4","49864704","12980224"
"206.378","4","49864704","12980224"
"207.453","4","49864704","12980224"
"208.526","4","49864704","12980224"
"209.602","4","49864704","12980224"
"210.682","4","49864704","12980224"
"211.756","4","49864704","12980224"
"212.826","4","49864704","12980224"
"213.883","4","49864704","12980224"
"214.963","4","49864704","12980224"
"216.026","4","49864704","12980224"
"217.095","4","49864704","12980224"
"218.145","4","49864704","12980224"
"219.209","4","49864704","12980224"
"220.278","4","49864704","12980224"
"221.352","4","49864704","12980224"
"222.417","4","49864704","12980224"
"223.482","4","49864704","12980224"
"224.55","4","49864704","12980224"
"225.624","4","49864704","12980224"
"226.689","4","49864704","12980224"
"227.767","4","49864704","12980224"
"228.842","4","49864704","12980224"
"229.907","4","49864704","12980224"
"230.978","4","49864704","12980224"
"232.048","4","49864704","12980224"
"233.114","4","49864704","12980224"
"234.181","4","49864704","12980224"
"235.246","4","49864704","12980224"
"236.32","4","49864704","12980224"
"237.389","4","49864704","12980224"
"238.46","4","49864704","12980224"
"239.51","4","49864704","12980224"
"240.589","4","49864704","12980224"
"241.667","4","49864704","12980224"
"242.732","4","49864704","12980224"
"243.796","4","49864704","12980224"
"244.863","4","49864704","12980224"
"245.939","4","49864704","12980224"
"247.006","4","49864704","12980224"
"248.076","4","49864704","12980224"
"249.143","4","49864704","12980224"
"250.229","4","49864704","12980224"
"251.293","4","49864704","12980224"
"252.365","4","49864704","12980224"
"253.439","4","49864704","12980224"
"254.51","4","49864704","12980224"
"255.587","4","49864704","12980224"
"256.651","4","49864704","12980224"
"257.718","4","49864704","12980224"
"258.791","4","49864704","12980224"
"259.858","4","49864704","12980224"
"260.931","4","49864704","12980224"
"261.998","4","49864704","12980224"
"263.067","4","49864704","12980224"
"264.121","4","49864704","12980224"
"265.187","4","49864704","12980224"
"266.262","4","49864704","12980224"
"267.329","4","49864704","12980224"
"268.405","4","49864704","12980224"
"269.483","4","49864704","12980224"
"270.553","4","49864704","12980224"
"271.618","4","49864704","12980224"
"272.687","4","49864704","12980224"
"273.759","4","49864704","12980224"
"274.823","4","49864704","12980224"
"275.894","4","49864704","12980224"
"276.972","4","49864704","12980224"
"278.04","4","49864704","12980224"
"279.12","4","49864704","12980224"
"280.188","4","49864704","12980224"
"281.262","4","49864704","12980224"
"282.334","4","49864704","12980224"
"283.415","4","49864704","12980224"
"284.465","4","49864704","12980224"
"285.544","4","49864704","12980224"
"286.616","4","49864704","12980224"
"287.683","4","49864704","12980224"
"288.751","4","49864704","12980224"
"289.83","4","49864704","12980224"
"290.899","4","49864704","12980224"
"291.969","4","49864704","12980224"
"293.024","4","49864704","12980224"
"294.092","4","49864704","12980224"
"295.159","4","49864704","12980224"
"296.238","4","49864704","12980224"
"297.307","4","49864704","12980224"
"298.371","4","49864704","12980224"
"299.439","4","49864704","12980224"
"300.508","4","50413568","13221888"
"301.584","4","50413568","13221888"
"302.648","4","50413568","13221888"
"303.713","4","50413568","13221888"
"304.79","4","50413568","13221888"
"305.865","4","50413568","13221888"
"306.939","4","50413568","13221888"
"308.015","4","50413568","13221888"
"309.079","4","50413568","13221888"
"310.146","4","50413568","13221888"
"311.202","4","50413568","13221888"
"312.27","4","50413568","13221888"
"313.334","4","50413568","13221888"
"314.399","4","50413568","13221888"
"315.465","4","50413568","13221888"
"316.547","4","50413568","13221888"
"317.613","4","50413568","13221888"
"318.679","4","50413568","13221888"
"319.745","4","50413568","13221888"
"320.809","4","50413568","13221888"
"321.878","4","50413568","13221888"
"322.956","4","50413568","13221888"
"324.024","4","50413568","13221888"
"325.088","4","50413568","13221888"
"326.161","4","50413568","13221888"
"327.235","4","50413568","13221888"
"328.307","4","50413568","13221888"
"329.381","4","50413568","13221888"
"330.44","4","50413568","13221888"
"331.514","4","50413568","13221888"
"332.586","4","50413568","13221888"
"333.653","4","50413568","13221888"
"334.717","4","50413568","13221888"
"335.778","4","50413568","13221888"
"336.851","4","50413568","13221888"
"337.927","4","50413568","13221888"
"338.994","4","50413568","13221888"
"340.058","4","50413568","13221888"
"341.129","4","50413568","13221888"
"342.196","4","50413568","13221888"
"343.262","4","50413568","13221888"
"344.333","4","50413568","13221888"
"345.39","4","50413568","13221888"
"346.465","4","50413568","13221888"
"347.539","4","50413568","13221888"
"348.604","4","50413568","13221888"
"349.683","4","50413568","13221888"
"350.757","4","50413568","13221888"
"351.81","4","50413568","13221888"
"352.872","4","50413568","13221888"
"354.009","4","50413568","13221888"
"355.095","4","50413568","13221888"
"356.221","4","50413568","13221888"
"357.357","4","50413568","13221888"
"358.435","4","50413568","13221888"
"359.515","4","50413568","13221888"
"360.596","4","50413568","13221888"
"361.661","4","50413568","13221888"
"362.737","4","50413568","13221888"
"363.815","4","50413568","13221888"
"364.888","4","50413568","13221888"
"365.956","4","50413568","13221888"
"367.035","4","50413568","13221888"
"368.102","4","50413568","13221888"
"369.174","4","50413568","13221888"
"370.225","4","50413568","13221888"
"371.29","4","50413568","13221888"
"372.356","4","50413568","13221888"
"373.427","4","50413568","13221888"
"374.48","4","50413568","13221888"
"375.545","4","50413568","13221888"
"376.618","4","50413568","13221888"
"377.682","4","50413568","13221888"
"378.751","4","50413568","13221888"
"379.833","4","50413568","13221888"
"380.906","4","51015680","13221888"
"381.973","4","51032064","13221888"
"383.046","4","51056640","13221888"
"384.12","4","51056640","13221888"
"385.194","4","51064832","13221888"
"386.272","4","51064832","13221888"
"387.346","4","51073024","13221888"
"388.42","4","51073024","13221888"
"389.493","4","51073024","13221888"
"390.561","4","51073024","13221888"
"391.623","4","51073024","13221888"
"392.697","4","51073024","13221888"
"393.769","4","51073024","13221888"
"394.848","4","51073024","13221888"
"395.919","4","51073024","13221888"
"396.99","4","51073024","13221888"
"398.063","4","51073024","13221888"
"399.13","4","51085312","13221888"
"400.195","4","51085312","13221888"
"401.274","4","51085312","13221888"
"402.364","4","51060736","13119488"
"403.442","4","51060736","13119488"
"404.52","4","51060736","13119488"
"405.599","4","51060736","13119488"
"406.664","4","51060736","13119488"
"407.737","4","51085312","13119488"
"408.809","4","51085312","13119488"
"409.888","4","51085312","13119488"
"410.959","4","51085312","13119488"
"412.032","4","51085312","13119488"
"413.105","4","51085312","13119488"
"414.178","4","51085312","13119488"
"415.253","4","51085312","13119488"
"416.325","4","51085312","13119488"
"417.4","4","51085312","13119488"
"418.472","4","51085312","13119488"
"419.549","4","51085312","13119488"
"420.625","4","51085312","13119488"
"421.698","4","51085312","13119488"
"422.774","4","51085312","13119488"
"423.849","4","51085312","13119488"
"424.928","4","51085312","13119488"
"425.996","4","51085312","13119488"
"427.07","4","51085312","13119488"
"428.142","4","51085312","13119488"
"429.216","4","51085312","13119488"
"430.291","4","51085312","13119488"
"431.363","4","51085312","13119488"
"432.438","4","51085312","13119488"
"433.517","4","51085312","13119488"
"434.59","4","51085312","13119488"
"435.661","4","51085312","13119488"
"436.735","4","51085312","13119488"
"437.809","4","51085312","13119488"
"438.881","4","51085312","13119488"
"439.956","4","51085312","13119488"
"441.036","4","51085312","13119488"
"442.108","4","51085312","13119488"
"443.183","4","51085312","13119488"
"444.255","4","51085312","13119488"
"445.327","4","51085312","13119488"
"446.4","4","51085312","13119488"
"447.475","4","51085312","13119488"
"448.548","4","51085312","13119488"
"449.634","4","51085312","13119488"
"450.695","4","51085312","13119488"
"451.768","4","51085312","13119488"
"452.841","4","51085312","13119488"
"453.914","4","51085312","13119488"
"454.985","4","51085312","13119488"
"456.065","4","51085312","13119488"
"457.133","4","51085312","13119488"
"458.206","4","51085312","13119488"
"459.278","4","51085312","13119488"
"460.352","4","51085312","13119488"
"461.426","4","51085312","13119488"
"462.503","4","51085312","13119488"
"463.583","4","51085312","13119488"
"464.653","4","51085312","13119488"
"465.723","4","51085312","13119488"
"466.799","4","51085312","13119488"
"467.869","4","51085312","13119488"
"468.946","4","51085312","13119488"
"470.02","4","51085312","12980224"
"471.091","4","51085312","12980224"
"472.175","4","51085312","12980224"
"473.253","4","51085312","12980224"
"474.33","4","51085312","12980224"
"475.407","4","51085312","12980224"
"476.48","4","51085312","12980224"
"477.554","4","51085312","12980224"
"478.63","4","51085312","12980224"
"479.705","4","51085312","12980224"
"480.778","4","51085312","12980224"
"481.855","4","51085312","12980224"
"482.923","4","51085312","12980224"
"483.996","4","51085312","12980224"
"485.069","4","51085312","12980224"
"486.141","4","51085312","12980224"
"487.219","4","51085312","12980224"
"488.287","4","51085312","12980224"
"489.36","4","51085312","12980224"
"490.435","4","51085312","12980224"
"491.507","4","51085312","12980224"
"492.581","4","51085312","12980224"
"493.654","4","51085312","12980224"
"494.727","4","51085312","12980224"
"495.804","4","51085312","12980224"
"496.878","4","51085312","12980224"
"497.95","4","51085312","12980224"
"499.023","4","51085312","12980224"
"500.098","4","51085312","12980224"
"501.17","4","51085312","12980224"
"502.243","4","51085312","12980224"
"503.322","4","51085312","12980224"
"504.395","4","51085312","12980224"
"505.47","4","51085312","12980224"
"506.551","4","51085312","12980224"
"507.618","4","51085312","12980224"
"508.698","4","51085312","12980224"
"509.777","4","51085312","12980224"
"510.856","4","51085312","12980224"
"511.931","4","51085312","12980224"
"513.007","4","51085312","12980224"
"514.088","4","51085312","12980224"
"515.165","4","51085312","12980224"
"516.245","4","51085312","12980224"
"517.327","4","51085312","12980224"
"518.404","4","51085312","12980224"
"519.471","4","51085312","12980224"
"520.546","4","51085312","12980224"
"521.623","4","51085312","12980224"
"522.695","4","51085312","12980224"
"523.77","4","51085312","12980224"
"524.847","4","51085312","12980224"
"525.924","4","51085312","12980224"
"526.997","4","51085312","12980224"
"528.069","4","51085312","12980224"
"529.143","4","51085312","12980224"
"530.217","4","51085312","12980224"
"531.289","4","51085312","12980224"
"532.363","4","51085312","12980224"
"533.445","4","51085312","12980224"
"534.515","4","51085312","12980224"
"535.592","4","51085312","12980224"
"536.666","4","51085312","12980224"
"537.74","4","51085312","12980224"
"538.811","4","51085312","12980224"
"539.884","4","51085312","12980224"
"540.958","4","51085312","12980224"
"542.025","4","51085312","12980224"
"543.105","4","51085312","12980224"
"544.178","4","51085312","12980224"
"545.254","4","51085312","12980224"
"546.328","4","51085312","12980224"
"547.401","4","51085312","12980224"
"548.475","4","51085312","12980224"
"549.554","4","51085312","12980224"
"550.622","4","51085312","12980224"
"551.695","4","51085312","12980224"
"552.77","4","51085312","12980224"
"553.845","4","51085312","12980224"
"554.92","4","51085312","12980224"
"555.997","4","51085312","12980224"
"557.069","4","51085312","12980224"
"558.144","4","51085312","12980224"
"559.22","4","51085312","12980224"
"560.296","4","51085312","12980224"
"561.373","4","51085312","12980224"
"562.443","4","51085312","12980224"
"563.517","4","51085312","12980224"
"564.596","4","51085312","12980224"
"565.664","4","51085312","12980224"
"566.736","4","51085312","12980224"
"567.813","4","51085312","12980224"
"568.886","4","51085312","12980224"
"569.959","4","51085312","12980224"
"571.033","4","51085312","12980224"
"572.104","4","51085312","12980224"
"573.179","4","51085312","12980224"
"574.261","4","51085312","12980224"
"575.331","4","51085312","12980224"
"576.406","4","51085312","12980224"
"577.477","4","51085312","12980224"
"578.55","4","51085312","12980224"
"579.629","4","51085312","12980224"
"580.699","4","51085312","12980224"
"581.773","4","51085312","12980224"
"582.848","4","51085312","12980224"
"583.92","4","51085312","12980224"
"584.995","4","51085312","12980224"
"586.069","4","51085312","12980224"
"587.142","4","51085312","12980224"
"588.219","4","51085312","12980224"
"589.291","4","51085312","12980224"
"590.367","4","51085312","12980224"
"591.439","4","51085312","12980224"
"592.512","4","51085312","12980224"
"593.585","4","51085312","12980224"
"594.665","4","51085312","12980224"
"595.746","4","51085312","12980224"
"596.826","4","51085312","12980224"
"597.894","4","51085312","12980224"
"598.968","4","51085312","12980224"
"600.045","4","51187712","13168640"
