"(PDH-CSV 4.0) (Central Europe Daylight Time)(-120)","\\PETRIT\Processor(_Total)\% Processor Time","\\PETRIT\System\Processor Queue Length","\\PETRIT\System\Context Switches/sec","\\PETRIT\Memory\Committed Bytes","\\PETRIT\Memory\Available Bytes"
"09/03/2026 12:56:42.846"," ","0"," ","9673154560","7210172416"
"09/03/2026 12:56:43.862","33.060768683721228456","0","45535.649829227775626","9699733504","7186812928"
"09/03/2026 12:56:44.862","25.795704996666646736","0","40173.476466549866018","9681461248","7198523392"
"09/03/2026 12:56:45.877","21.731269828798126298","0","39213.408138067112304","9676206080","7206735872"
"09/03/2026 12:56:46.893","21.346053528875550853","0","40096.701493013402796","9680232448","7225712640"
"09/03/2026 12:56:47.901","22.8881845310073615","0","40218.807931832168833","9679937536","7219392512"
"09/03/2026 12:56:48.905","21.230924268661976129","0","39841.55398592309939","9670647808","7221993472"
"09/03/2026 12:56:49.927","22.758028686511810434","0","40233.322732737644401","9672392704","7220830208"
"09/03/2026 12:56:50.940","21.907733498399927896","0","40473.658207346612471","9684656128","7213355008"
"09/03/2026 12:56:51.955","19.377892267389860592","0","40336.009628081090341","9681305600","7215251456"
"09/03/2026 12:56:52.971","21.974015045536788193","0","40233.263178032189899","9678467072","7218044928"
"09/03/2026 12:56:54.002","24.937249360168145529","0","40510.958006962180662","9687130112","7209951232"
"09/03/2026 12:56:55.002","19.410098827059339754","0","39959.220431990434008","9686011904","7211859968"
"09/03/2026 12:56:56.017","21.671844715680276039","0","40296.446724918409018","9680248832","7214252032"
"09/03/2026 12:56:57.018","20.545773229550924555","0","40577.866069756397337","9688084480","7210844160"
"09/03/2026 12:56:58.029","22.512057727101254301","0","40198.899910190899391","9683640320","7213457408"
"09/03/2026 12:56:59.033","19.711873096599784816","0","39850.20193834535894","9689243648","7211520000"
"09/03/2026 12:57:00.050","25.090237139554215418","0","40984.553579479266773","9682186240","7216115712"
"09/03/2026 12:57:01.066","23.706792814694598093","0","40606.389537718765496","9692352512","7205818368"
"09/03/2026 12:57:02.086","20.663712186191929732","0","40324.123388835250807","9688145920","7211196416"
"09/03/2026 12:57:03.096","22.114074454928722702","0","40890.505665199634677","9683542016","7211020288"
"09/03/2026 12:57:04.099","10.374407654328599904","0","16254.291127870250421","9682300928","7205892096"
