"(PDH-CSV 4.0) (Central Europe Daylight Time)(-120)","\\PETRIT\Processor Information(_Total)\% Processor Utility","\\PETRIT\Processor Information(_Total)\% Processor Performance","\\PETRIT\Processor Information(_Total)\Processor Frequency"
"09/02/2026 22:11:58.265"," "," ","2101"
"09/02/2026 22:11:59.281","89.595191785244622906","161.13323062894167492","2101"
"09/02/2026 22:12:00.297","69.595576514764900367","131.40143353192297582","2101"
"09/02/2026 22:12:01.315","69.412827871944472236","122.01779882520017395","2101"
"09/02/2026 22:12:02.330","71.687396235220660401","123.79378162743661562","2101"
"09/02/2026 22:12:03.344","68.407971986056125502","123.85491709834197138","2101"
"09/02/2026 22:12:04.359","69.622019742555565358","123.79089936300023567","2101"
"09/02/2026 22:12:05.364","71.473976253898911182","123.77110217722189134","2101"
"09/02/2026 22:12:06.374","66.186086435961712482","124.96257552610416042","2101"
"09/02/2026 22:12:07.379","44.44241052933490721","127.97161797742485589","2101"
"09/02/2026 22:12:08.395","16.722113025592928892","190.09183892425434692","2101"
"09/02/2026 22:12:09.411","10.294842300322711637","192.31172884949498325","2101"
